Id,Class
14397,6
14398,6
14399,9
14400,10
14401,5
14402,6
14403,10
14404,10
14405,5
14406,10
14407,6
14408,10
14409,5
14410,6
14411,8
14412,0
14413,6
14414,10
14415,10
14416,10
14417,10
14418,9
14419,6
14420,10
14421,6
14422,9
14423,10
14424,10
14425,8
14426,6
14427,2
14428,0
14429,8
14430,9
14431,8
14432,1
14433,8
14434,9
14435,4
14436,10
14437,10
14438,5
14439,10
14440,9
14441,10
14442,9
14443,2
14444,5
14445,10
14446,1
14447,10
14448,10
14449,8
14450,5
14451,8
14452,6
14453,8
14454,6
14455,6
14456,5
14457,8
14458,6
14459,0
14460,6
14461,10
14462,8
14463,8
14464,10
14465,7
14466,6
14467,10
14468,6
14469,10
14470,10
14471,7
14472,10
14473,5
14474,10
14475,9
14476,10
14477,2
14478,6
14479,6
14480,7
14481,9
14482,3
14483,4
14484,10
14485,10
14486,5
14487,5
14488,2
14489,3
14490,0
14491,10
14492,0
14493,10
14494,6
14495,10
14496,10
14497,3
14498,6
14499,8
14500,8
14501,6
14502,5
14503,10
14504,9
14505,10
14506,6
14507,1
14508,10
14509,10
14510,10
14511,8
14512,1
14513,10
14514,10
14515,10
14516,5
14517,10
14518,6
14519,6
14520,10
14521,10
14522,6
14523,10
14524,5
14525,10
14526,2
14527,6
14528,10
14529,7
14530,10
14531,10
14532,8
14533,6
14534,7
14535,9
14536,10
14537,1
14538,8
14539,9
14540,10
14541,6
14542,9
14543,0
14544,10
14545,10
14546,0
14547,10
14548,5
14549,5
14550,2
14551,7
14552,10
14553,2
14554,10
14555,5
14556,6
14557,10
14558,10
14559,1
14560,5
14561,10
14562,10
14563,10
14564,9
14565,6
14566,10
14567,0
14568,2
14569,8
14570,10
14571,10
14572,10
14573,9
14574,10
14575,9
14576,10
14577,10
14578,4
14579,6
14580,10
14581,10
14582,2
14583,8
14584,9
14585,8
14586,0
14587,1
14588,1
14589,8
14590,10
14591,10
14592,8
14593,9
14594,6
14595,2
14596,4
14597,9
14598,2
14599,10
14600,6
14601,10
14602,10
14603,10
14604,10
14605,10
14606,10
14607,0
14608,10
14609,10
14610,6
14611,10
14612,10
14613,10
14614,2
14615,2
14616,6
14617,0
14618,8
14619,6
14620,5
14621,10
14622,10
14623,10
14624,10
14625,8
14626,6
14627,5
14628,8
14629,5
14630,3
14631,9
14632,7
14633,9
14634,9
14635,10
14636,1
14637,1
14638,10
14639,1
14640,9
14641,6
14642,5
14643,0
14644,7
14645,6
14646,5
14647,10
14648,6
14649,10
14650,10
14651,10
14652,6
14653,10
14654,1
14655,10
14656,10
14657,9
14658,8
14659,9
14660,5
14661,10
14662,6
14663,10
14664,6
14665,7
14666,5
14667,9
14668,10
14669,6
14670,9
14671,6
14672,6
14673,6
14674,10
14675,9
14676,10
14677,9
14678,8
14679,10
14680,10
14681,9
14682,10
14683,10
14684,6
14685,9
14686,7
14687,2
14688,6
14689,5
14690,3
14691,10
14692,6
14693,5
14694,3
14695,9
14696,2
14697,10
14698,2
14699,10
14700,6
14701,8
14702,10
14703,7
14704,10
14705,6
14706,5
14707,5
14708,10
14709,4
14710,9
14711,2
14712,10
14713,9
14714,10
14715,1
14716,8
14717,6
14718,10
14719,2
14720,10
14721,5
14722,10
14723,5
14724,10
14725,9
14726,6
14727,10
14728,8
14729,0
14730,5
14731,10
14732,0
14733,9
14734,10
14735,6
14736,10
14737,3
14738,10
14739,10
14740,10
14741,3
14742,7
14743,10
14744,6
14745,10
14746,9
14747,8
14748,10
14749,8
14750,6
14751,1
14752,10
14753,8
14754,10
14755,9
14756,8
14757,9
14758,10
14759,10
14760,6
14761,10
14762,4
14763,10
14764,9
14765,2
14766,9
14767,9
14768,10
14769,6
14770,10
14771,2
14772,10
14773,2
14774,10
14775,2
14776,9
14777,6
14778,10
14779,0
14780,6
14781,4
14782,9
14783,10
14784,10
14785,10
14786,10
14787,8
14788,10
14789,9
14790,6
14791,6
14792,0
14793,6
14794,10
14795,10
14796,10
14797,5
14798,10
14799,10
14800,5
14801,9
14802,5
14803,7
14804,8
14805,0
14806,5
14807,10
14808,6
14809,9
14810,6
14811,1
14812,6
14813,9
14814,5
14815,6
14816,10
14817,10
14818,6
14819,0
14820,8
14821,10
14822,8
14823,10
14824,8
14825,9
14826,8
14827,10
14828,8
14829,10
14830,8
14831,10
14832,2
14833,10
14834,10
14835,10
14836,8
14837,5
14838,10
14839,8
14840,1
14841,10
14842,8
14843,5
14844,6
14845,1
14846,10
14847,6
14848,6
14849,6
14850,6
14851,10
14852,1
14853,9
14854,6
14855,10
14856,5
14857,9
14858,10
14859,0
14860,2
14861,0
14862,8
14863,1
14864,8
14865,9
14866,8
14867,0
14868,6
14869,10
14870,10
14871,10
14872,1
14873,9
14874,10
14875,5
14876,10
14877,10
14878,5
14879,8
14880,2
14881,10
14882,10
14883,10
14884,5
14885,10
14886,0
14887,6
14888,9
14889,10
14890,1
14891,8
14892,5
14893,10
14894,9
14895,10
14896,9
14897,6
14898,6
14899,4
14900,2
14901,9
14902,10
14903,5
14904,9
14905,9
14906,10
14907,6
14908,9
14909,10
14910,2
14911,5
14912,6
14913,4
14914,7
14915,5
14916,6
14917,10
14918,6
14919,8
14920,5
14921,10
14922,7
14923,10
14924,9
14925,3
14926,6
14927,1
14928,10
14929,10
14930,6
14931,10
14932,10
14933,10
14934,0
14935,1
14936,1
14937,10
14938,6
14939,6
14940,8
14941,8
14942,10
14943,5
14944,9
14945,9
14946,6
14947,2
14948,9
14949,10
14950,5
14951,7
14952,2
14953,4
14954,8
14955,10
14956,10
14957,7
14958,1
14959,10
14960,10
14961,4
14962,10
14963,3
14964,10
14965,10
14966,10
14967,6
14968,10
14969,10
14970,8
14971,9
14972,10
14973,9
14974,9
14975,4
14976,6
14977,9
14978,6
14979,10
14980,10
14981,9
14982,10
14983,6
14984,9
14985,2
14986,10
14987,6
14988,10
14989,9
14990,10
14991,1
14992,6
14993,10
14994,10
14995,8
14996,10
14997,10
14998,10
14999,6
15000,6
15001,8
15002,10
15003,10
15004,2
15005,5
15006,5
15007,1
15008,2
15009,3
15010,6
15011,10
15012,4
15013,7
15014,10
15015,8
15016,10
15017,8
15018,10
15019,10
15020,6
15021,6
15022,5
15023,1
15024,6
15025,10
15026,10
15027,10
15028,6
15029,10
15030,10
15031,10
15032,6
15033,6
15034,6
15035,3
15036,6
15037,2
15038,2
15039,6
15040,5
15041,10
15042,8
15043,10
15044,8
15045,5
15046,9
15047,5
15048,2
15049,9
15050,6
15051,5
15052,10
15053,10
15054,10
15055,10
15056,10
15057,10
15058,9
15059,6
15060,10
15061,7
15062,8
15063,9
15064,9
15065,0
15066,9
15067,7
15068,6
15069,7
15070,9
15071,9
15072,5
15073,8
15074,0
15075,9
15076,10
15077,10
15078,6
15079,2
15080,1
15081,4
15082,10
15083,10
15084,10
15085,10
15086,10
15087,6
15088,4
15089,2
15090,6
15091,10
15092,6
15093,10
15094,5
15095,8
15096,2
15097,9
15098,9
15099,10
15100,10
15101,9
15102,7
15103,1
15104,9
15105,8
15106,6
15107,6
15108,10
15109,10
15110,7
15111,6
15112,10
15113,10
15114,10
15115,6
15116,9
15117,2
15118,0
15119,10
15120,10
15121,9
15122,8
15123,10
15124,9
15125,5
15126,10
15127,5
15128,2
15129,10
15130,8
15131,9
15132,10
15133,7
15134,2
15135,2
15136,9
15137,10
15138,9
15139,6
15140,0
15141,10
15142,10
15143,5
15144,6
15145,1
15146,8
15147,8
15148,6
15149,10
15150,1
15151,10
15152,6
15153,10
15154,2
15155,10
15156,8
15157,10
15158,10
15159,8
15160,0
15161,9
15162,5
15163,10
15164,3
15165,10
15166,10
15167,10
15168,5
15169,10
15170,6
15171,5
15172,10
15173,2
15174,6
15175,9
15176,1
15177,2
15178,1
15179,6
15180,6
15181,10
15182,5
15183,6
15184,10
15185,6
15186,2
15187,10
15188,10
15189,10
15190,10
15191,1
15192,7
15193,10
15194,6
15195,10
15196,10
15197,10
15198,10
15199,5
15200,5
15201,5
15202,10
15203,10
15204,6
15205,5
15206,10
15207,10
15208,9
15209,6
15210,4
15211,6
15212,10
15213,6
15214,0
15215,10
15216,9
15217,5
15218,7
15219,10
15220,2
15221,9
15222,10
15223,6
15224,10
15225,6
15226,4
15227,10
15228,10
15229,10
15230,10
15231,8
15232,10
15233,10
15234,8
15235,9
15236,5
15237,2
15238,9
15239,8
15240,10
15241,6
15242,6
15243,2
15244,10
15245,1
15246,10
15247,9
15248,6
15249,7
15250,10
15251,10
15252,10
15253,5
15254,9
15255,6
15256,10
15257,10
15258,4
15259,9
15260,10
15261,6
15262,6
15263,6
15264,10
15265,10
15266,6
15267,8
15268,10
15269,10
15270,8
15271,5
15272,9
15273,10
15274,10
15275,9
15276,3
15277,4
15278,6
15279,10
15280,7
15281,10
15282,3
15283,10
15284,7
15285,9
15286,10
15287,9
15288,10
15289,6
15290,10
15291,10
15292,9
15293,6
15294,8
15295,7
15296,2
15297,9
15298,8
15299,7
15300,3
15301,10
15302,10
15303,2
15304,10
15305,8
15306,1
15307,10
15308,10
15309,10
15310,10
15311,10
15312,10
15313,9
15314,7
15315,2
15316,10
15317,10
15318,10
15319,6
15320,6
15321,9
15322,7
15323,9
15324,10
15325,2
15326,5
15327,10
15328,9
15329,9
15330,6
15331,10
15332,9
15333,10
15334,0
15335,6
15336,10
15337,2
15338,9
15339,10
15340,10
15341,10
15342,9
15343,10
15344,0
15345,9
15346,3
15347,5
15348,10
15349,10
15350,9
15351,6
15352,10
15353,5
15354,6
15355,9
15356,5
15357,5
15358,8
15359,5
15360,5
15361,6
15362,10
15363,10
15364,6
15365,9
15366,10
15367,1
15368,9
15369,10
15370,9
15371,10
15372,10
15373,2
15374,8
15375,1
15376,10
15377,0
15378,2
15379,8
15380,2
15381,9
15382,7
15383,6
15384,10
15385,5
15386,10
15387,10
15388,5
15389,10
15390,6
15391,8
15392,2
15393,5
15394,10
15395,5
15396,6
15397,10
15398,10
15399,9
15400,10
15401,9
15402,10
15403,10
15404,10
15405,1
15406,1
15407,10
15408,8
15409,2
15410,1
15411,9
15412,10
15413,10
15414,10
15415,10
15416,10
15417,8
15418,10
15419,10
15420,10
15421,10
15422,5
15423,9
15424,8
15425,10
15426,8
15427,7
15428,6
15429,10
15430,10
15431,9
15432,3
15433,10
15434,10
15435,5
15436,6
15437,6
15438,2
15439,10
15440,6
15441,8
15442,5
15443,10
15444,10
15445,0
15446,6
15447,0
15448,10
15449,10
15450,9
15451,10
15452,5
15453,10
15454,6
15455,2
15456,3
15457,10
15458,10
15459,10
15460,10
15461,6
15462,10
15463,8
15464,10
15465,9
15466,10
15467,9
15468,6
15469,0
15470,0
15471,6
15472,10
15473,9
15474,6
15475,9
15476,10
15477,5
15478,6
15479,6
15480,5
15481,6
15482,10
15483,10
15484,8
15485,0
15486,8
15487,10
15488,6
15489,5
15490,4
15491,2
15492,10
15493,2
15494,6
15495,8
15496,9
15497,6
15498,2
15499,7
15500,6
15501,10
15502,10
15503,7
15504,10
15505,10
15506,1
15507,2
15508,5
15509,10
15510,6
15511,5
15512,6
15513,6
15514,9
15515,5
15516,6
15517,9
15518,10
15519,6
15520,9
15521,10
15522,10
15523,8
15524,0
15525,10
15526,10
15527,0
15528,10
15529,6
15530,6
15531,5
15532,0
15533,6
15534,2
15535,10
15536,6
15537,10
15538,2
15539,10
15540,9
15541,10
15542,10
15543,10
15544,1
15545,10
15546,2
15547,6
15548,10
15549,5
15550,10
15551,6
15552,10
15553,2
15554,10
15555,1
15556,2
15557,2
15558,8
15559,10
15560,10
15561,10
15562,1
15563,0
15564,9
15565,7
15566,6
15567,10
15568,1
15569,0
15570,10
15571,10
15572,10
15573,5
15574,1
15575,8
15576,6
15577,6
15578,10
15579,10
15580,7
15581,7
15582,6
15583,5
15584,8
15585,0
15586,2
15587,10
15588,3
15589,5
15590,9
15591,10
15592,0
15593,6
15594,10
15595,10
15596,10
15597,5
15598,10
15599,10
15600,6
15601,7
15602,10
15603,8
15604,10
15605,5
15606,10
15607,10
15608,0
15609,4
15610,10
15611,10
15612,8
15613,2
15614,1
15615,10
15616,6
15617,6
15618,9
15619,10
15620,10
15621,10
15622,9
15623,8
15624,10
15625,5
15626,10
15627,6
15628,10
15629,9
15630,8
15631,2
15632,2
15633,5
15634,1
15635,5
15636,9
15637,5
15638,3
15639,10
15640,2
15641,9
15642,10
15643,9
15644,8
15645,10
15646,5
15647,9
15648,10
15649,6
15650,9
15651,6
15652,10
15653,10
15654,10
15655,0
15656,10
15657,10
15658,9
15659,10
15660,1
15661,6
15662,8
15663,6
15664,10
15665,10
15666,9
15667,2
15668,9
15669,9
15670,1
15671,6
15672,2
15673,10
15674,6
15675,10
15676,9
15677,5
15678,3
15679,1
15680,10
15681,10
15682,5
15683,8
15684,10
15685,1
15686,10
15687,10
15688,5
15689,6
15690,10
15691,4
15692,10
15693,10
15694,5
15695,6
15696,0
15697,0
15698,10
15699,10
15700,6
15701,6
15702,5
15703,10
15704,9
15705,3
15706,6
15707,6
15708,4
15709,5
15710,10
15711,5
15712,10
15713,6
15714,7
15715,10
15716,10
15717,9
15718,8
15719,6
15720,2
15721,10
15722,6
15723,2
15724,10
15725,10
15726,10
15727,4
15728,9
15729,6
15730,10
15731,6
15732,3
15733,9
15734,2
15735,3
15736,10
15737,6
15738,5
15739,6
15740,5
15741,6
15742,8
15743,4
15744,1
15745,1
15746,1
15747,10
15748,8
15749,10
15750,7
15751,10
15752,10
15753,0
15754,5
15755,7
15756,8
15757,10
15758,10
15759,8
15760,2
15761,5
15762,6
15763,1
15764,6
15765,9
15766,6
15767,2
15768,1
15769,10
15770,6
15771,9
15772,10
15773,1
15774,10
15775,8
15776,5
15777,10
15778,10
15779,7
15780,8
15781,10
15782,2
15783,5
15784,10
15785,7
15786,9
15787,2
15788,10
15789,1
15790,10
15791,10
15792,6
15793,9
15794,10
15795,6
15796,6
15797,10
15798,0
15799,2
15800,9
15801,6
15802,6
15803,4
15804,10
15805,8
15806,9
15807,10
15808,10
15809,10
15810,3
15811,6
15812,10
15813,1
15814,7
15815,9
15816,10
15817,1
15818,10
15819,10
15820,8
15821,10
15822,1
15823,4
15824,0
15825,6
15826,9
15827,8
15828,10
15829,6
15830,10
15831,6
15832,10
15833,10
15834,10
15835,2
15836,10
15837,10
15838,1
15839,10
15840,6
15841,10
15842,6
15843,10
15844,8
15845,10
15846,10
15847,10
15848,4
15849,9
15850,3
15851,10
15852,0
15853,6
15854,5
15855,9
15856,10
15857,4
15858,8
15859,9
15860,6
15861,9
15862,10
15863,6
15864,4
15865,10
15866,10
15867,10
15868,10
15869,2
15870,5
15871,10
15872,4
15873,9
15874,10
15875,1
15876,10
15877,5
15878,5
15879,6
15880,9
15881,1
15882,10
15883,9
15884,10
15885,10
15886,10
15887,7
15888,6
15889,10
15890,0
15891,10
15892,2
15893,5
15894,6
15895,2
15896,0
15897,9
15898,6
15899,8
15900,10
15901,2
15902,5
15903,0
15904,8
15905,10
15906,2
15907,6
15908,10
15909,9
15910,7
15911,10
15912,6
15913,10
15914,4
15915,10
15916,10
15917,2
15918,5
15919,2
15920,6
15921,10
15922,6
15923,8
15924,10
15925,10
15926,6
15927,10
15928,9
15929,9
15930,8
15931,8
15932,6
15933,10
15934,9
15935,10
15936,3
15937,2
15938,9
15939,6
15940,10
15941,9
15942,10
15943,5
15944,7
15945,9
15946,5
15947,9
15948,1
15949,10
15950,10
15951,9
15952,10
15953,6
15954,8
15955,10
15956,0
15957,10
15958,9
15959,10
15960,10
15961,3
15962,9
15963,6
15964,7
15965,6
15966,8
15967,6
15968,6
15969,10
15970,6
15971,10
15972,3
15973,0
15974,10
15975,6
15976,8
15977,10
15978,8
15979,9
15980,10
15981,9
15982,10
15983,5
15984,9
15985,6
15986,10
15987,3
15988,6
15989,9
15990,5
15991,8
15992,2
15993,2
15994,10
15995,5
15996,4
15997,8
15998,9
15999,3
16000,10
16001,10
16002,10
16003,2
16004,1
16005,4
16006,2
16007,6
16008,7
16009,6
16010,10
16011,5
16012,10
16013,10
16014,9
16015,9
16016,6
16017,5
16018,9
16019,5
16020,7
16021,6
16022,9
16023,10
16024,10
16025,10
16026,9
16027,8
16028,1
16029,6
16030,6
16031,10
16032,2
16033,10
16034,4
16035,5
16036,9
16037,8
16038,10
16039,6
16040,6
16041,10
16042,8
16043,6
16044,5
16045,10
16046,0
16047,6
16048,8
16049,5
16050,8
16051,8
16052,10
16053,5
16054,10
16055,6
16056,10
16057,10
16058,7
16059,6
16060,8
16061,8
16062,10
16063,10
16064,5
16065,10
16066,9
16067,6
16068,10
16069,2
16070,2
16071,7
16072,3
16073,6
16074,8
16075,3
16076,9
16077,5
16078,9
16079,9
16080,3
16081,2
16082,5
16083,10
16084,8
16085,2
16086,7
16087,3
16088,6
16089,10
16090,10
16091,9
16092,10
16093,9
16094,6
16095,8
16096,2
16097,6
16098,8
16099,5
16100,10
16101,10
16102,6
16103,10
16104,2
16105,10
16106,9
16107,8
16108,9
16109,9
16110,5
16111,5
16112,1
16113,8
16114,2
16115,5
16116,8
16117,1
16118,6
16119,0
16120,10
16121,10
16122,9
16123,10
16124,10
16125,9
16126,1
16127,10
16128,5
16129,2
16130,7
16131,8
16132,6
16133,10
16134,10
16135,5
16136,8
16137,10
16138,8
16139,1
16140,5
16141,6
16142,6
16143,8
16144,10
16145,8
16146,9
16147,8
16148,4
16149,5
16150,5
16151,6
16152,0
16153,10
16154,0
16155,6
16156,10
16157,8
16158,9
16159,6
16160,10
16161,10
16162,4
16163,10
16164,1
16165,6
16166,10
16167,9
16168,8
16169,2
16170,2
16171,10
16172,10
16173,10
16174,10
16175,9
16176,5
16177,9
16178,10
16179,10
16180,10
16181,0
16182,6
16183,5
16184,3
16185,10
16186,6
16187,1
16188,10
16189,9
16190,9
16191,10
16192,5
16193,0
16194,6
16195,6
16196,5
16197,2
16198,8
16199,6
16200,1
16201,10
16202,10
16203,3
16204,7
16205,0
16206,10
16207,10
16208,4
16209,5
16210,6
16211,4
16212,10
16213,8
16214,6
16215,6
16216,7
16217,10
16218,10
16219,6
16220,10
16221,8
16222,2
16223,8
16224,10
16225,10
16226,6
16227,0
16228,10
16229,10
16230,8
16231,10
16232,8
16233,6
16234,10
16235,6
16236,5
16237,10
16238,10
16239,4
16240,9
16241,10
16242,7
16243,5
16244,5
16245,9
16246,9
16247,10
16248,2
16249,9
16250,5
16251,0
16252,5
16253,5
16254,2
16255,9
16256,6
16257,10
16258,10
16259,6
16260,8
16261,2
16262,9
16263,10
16264,9
16265,5
16266,0
16267,6
16268,6
16269,7
16270,2
16271,10
16272,6
16273,3
16274,2
16275,10
16276,9
16277,2
16278,1
16279,10
16280,9
16281,1
16282,6
16283,10
16284,2
16285,1
16286,10
16287,6
16288,10
16289,5
16290,5
16291,5
16292,9
16293,9
16294,9
16295,10
16296,9
16297,5
16298,5
16299,9
16300,5
16301,9
16302,8
16303,7
16304,10
16305,10
16306,8
16307,6
16308,5
16309,6
16310,0
16311,9
16312,7
16313,2
16314,8
16315,6
16316,10
16317,9
16318,10
16319,3
16320,0
16321,2
16322,9
16323,1
16324,10
16325,10
16326,10
16327,7
16328,10
16329,6
16330,5
16331,10
16332,6
16333,1
16334,6
16335,10
16336,10
16337,6
16338,6
16339,8
16340,8
16341,10
16342,5
16343,5
16344,10
16345,10
16346,9
16347,8
16348,6
16349,10
16350,6
16351,2
16352,2
16353,0
16354,10
16355,2
16356,5
16357,10
16358,0
16359,10
16360,9
16361,10
16362,10
16363,5
16364,6
16365,5
16366,10
16367,10
16368,8
16369,8
16370,10
16371,2
16372,8
16373,6
16374,10
16375,6
16376,10
16377,2
16378,6
16379,5
16380,6
16381,10
16382,6
16383,9
16384,10
16385,10
16386,10
16387,2
16388,6
16389,6
16390,8
16391,9
16392,6
16393,4
16394,9
16395,3
16396,10
16397,9
16398,6
16399,6
16400,9
16401,0
16402,6
16403,0
16404,10
16405,6
16406,10
16407,9
16408,6
16409,5
16410,0
16411,10
16412,10
16413,0
16414,7
16415,6
16416,9
16417,10
16418,10
16419,6
16420,10
16421,10
16422,5
16423,8
16424,10
16425,9
16426,5
16427,6
16428,10
16429,5
16430,6
16431,10
16432,6
16433,10
16434,10
16435,10
16436,10
16437,2
16438,3
16439,2
16440,1
16441,2
16442,2
16443,10
16444,10
16445,5
16446,2
16447,7
16448,6
16449,10
16450,5
16451,5
16452,10
16453,6
16454,9
16455,10
16456,9
16457,5
16458,10
16459,9
16460,3
16461,10
16462,2
16463,6
16464,4
16465,10
16466,6
16467,10
16468,5
16469,10
16470,10
16471,6
16472,6
16473,0
16474,2
16475,10
16476,10
16477,6
16478,5
16479,6
16480,8
16481,8
16482,2
16483,4
16484,8
16485,10
16486,1
16487,10
16488,2
16489,6
16490,9
16491,2
16492,10
16493,1
16494,2
16495,10
16496,6
16497,8
16498,2
16499,10
16500,10
16501,10
16502,10
16503,0
16504,10
16505,10
16506,5
16507,10
16508,6
16509,10
16510,10
16511,9
16512,9
16513,0
16514,1
16515,10
16516,9
16517,5
16518,6
16519,10
16520,10
16521,6
16522,10
16523,10
16524,10
16525,6
16526,10
16527,2
16528,5
16529,10
16530,6
16531,3
16532,9
16533,10
16534,10
16535,6
16536,10
16537,10
16538,9
16539,10
16540,10
16541,6
16542,9
16543,9
16544,6
16545,10
16546,2
16547,10
16548,10
16549,6
16550,1
16551,10
16552,2
16553,9
16554,6
16555,9
16556,10
16557,6
16558,10
16559,6
16560,9
16561,8
16562,0
16563,8
16564,2
16565,10
16566,8
16567,6
16568,10
16569,10
16570,6
16571,7
16572,1
16573,3
16574,1
16575,10
16576,9
16577,9
16578,5
16579,1
16580,0
16581,10
16582,10
16583,0
16584,0
16585,8
16586,10
16587,3
16588,10
16589,10
16590,7
16591,10
16592,6
16593,1
16594,7
16595,6
16596,9
16597,2
16598,6
16599,8
16600,9
16601,2
16602,10
16603,10
16604,10
16605,9
16606,10
16607,10
16608,6
16609,9
16610,7
16611,10
16612,10
16613,1
16614,6
16615,2
16616,8
16617,2
16618,9
16619,5
16620,10
16621,5
16622,10
16623,5
16624,1
16625,9
16626,10
16627,10
16628,8
16629,10
16630,10
16631,10
16632,10
16633,10
16634,1
16635,10
16636,6
16637,8
16638,10
16639,6
16640,8
16641,6
16642,8
16643,6
16644,10
16645,1
16646,8
16647,8
16648,6
16649,10
16650,8
16651,7
16652,8
16653,6
16654,6
16655,10
16656,10
16657,2
16658,9
16659,9
16660,3
16661,4
16662,10
16663,8
16664,10
16665,9
16666,0
16667,6
16668,10
16669,7
16670,7
16671,6
16672,8
16673,8
16674,10
16675,9
16676,10
16677,9
16678,10
16679,10
16680,10
16681,10
16682,7
16683,3
16684,10
16685,3
16686,1
16687,9
16688,8
16689,6
16690,5
16691,10
16692,10
16693,5
16694,10
16695,2
16696,3
16697,3
16698,9
16699,6
16700,9
16701,9
16702,0
16703,8
16704,7
16705,6
16706,10
16707,0
16708,0
16709,10
16710,2
16711,10
16712,10
16713,10
16714,10
16715,5
16716,3
16717,9
16718,8
16719,6
16720,10
16721,2
16722,1
16723,5
16724,10
16725,4
16726,7
16727,1
16728,2
16729,6
16730,10
16731,10
16732,7
16733,4
16734,2
16735,6
16736,6
16737,6
16738,10
16739,6
16740,10
16741,10
16742,10
16743,5
16744,10
16745,9
16746,4
16747,10
16748,10
16749,2
16750,7
16751,6
16752,7
16753,9
16754,9
16755,5
16756,2
16757,10
16758,2
16759,6
16760,2
16761,0
16762,8
16763,0
16764,9
16765,10
16766,5
16767,10
16768,6
16769,6
16770,6
16771,8
16772,8
16773,6
16774,2
16775,2
16776,6
16777,10
16778,6
16779,9
16780,10
16781,9
16782,5
16783,9
16784,1
16785,2
16786,10
16787,1
16788,10
16789,10
16790,10
16791,10
16792,2
16793,9
16794,8
16795,10
16796,6
16797,10
16798,10
16799,5
16800,10
16801,8
16802,8
16803,6
16804,6
16805,5
16806,6
16807,1
16808,8
16809,2
16810,9
16811,9
16812,10
16813,9
16814,10
16815,10
16816,9
16817,1
16818,9
16819,9
16820,6
16821,8
16822,10
16823,7
16824,6
16825,4
16826,8
16827,6
16828,5
16829,10
16830,6
16831,10
16832,5
16833,10
16834,9
16835,10
16836,6
16837,2
16838,10
16839,0
16840,3
16841,10
16842,6
16843,8
16844,3
16845,10
16846,6
16847,10
16848,10
16849,8
16850,10
16851,6
16852,2
16853,10
16854,0
16855,5
16856,8
16857,6
16858,5
16859,5
16860,2
16861,9
16862,6
16863,9
16864,10
16865,1
16866,10
16867,8
16868,9
16869,2
16870,5
16871,9
16872,10
16873,2
16874,10
16875,10
16876,10
16877,10
16878,2
16879,8
16880,10
16881,9
16882,6
16883,3
16884,8
16885,10
16886,6
16887,10
16888,9
16889,6
16890,6
16891,10
16892,10
16893,4
16894,8
16895,10
16896,5
16897,9
16898,8
16899,8
16900,10
16901,9
16902,9
16903,6
16904,10
16905,2
16906,6
16907,8
16908,6
16909,10
16910,10
16911,5
16912,4
16913,8
16914,3
16915,6
16916,10
16917,7
16918,9
16919,5
16920,0
16921,3
16922,10
16923,6
16924,0
16925,0
16926,6
16927,5
16928,6
16929,8
16930,9
16931,10
16932,6
16933,10
16934,2
16935,10
16936,4
16937,10
16938,10
16939,10
16940,6
16941,6
16942,10
16943,0
16944,6
16945,4
16946,7
16947,10
16948,9
16949,9
16950,10
16951,10
16952,8
16953,2
16954,5
16955,7
16956,3
16957,9
16958,9
16959,10
16960,10
16961,9
16962,10
16963,6
16964,10
16965,10
16966,8
16967,8
16968,6
16969,0
16970,10
16971,5
16972,10
16973,6
16974,0
16975,6
16976,5
16977,9
16978,6
16979,9
16980,9
16981,5
16982,10
16983,6
16984,6
16985,7
16986,6
16987,7
16988,1
16989,10
16990,9
16991,1
16992,10
16993,10
16994,10
16995,10
16996,10
16997,7
16998,10
16999,6
17000,8
17001,10
17002,9
17003,10
17004,4
17005,9
17006,10
17007,5
17008,6
17009,10
17010,9
17011,10
17012,10
17013,8
17014,10
17015,2
17016,6
17017,9
17018,10
17019,5
17020,6
17021,10
17022,6
17023,10
17024,0
17025,9
17026,9
17027,7
17028,6
17029,8
17030,8
17031,10
17032,5
17033,0
17034,0
17035,8
17036,10
17037,8
17038,8
17039,5
17040,1
17041,7
17042,6
17043,8
17044,10
17045,5
17046,5
17047,9
17048,5
17049,10
17050,0
17051,0
17052,7
17053,10
17054,10
17055,8
17056,10
17057,10
17058,10
17059,10
17060,6
17061,6
17062,9
17063,5
17064,10
17065,6
17066,5
17067,9
17068,0
17069,4
17070,10
17071,10
17072,10
17073,8
17074,10
17075,3
17076,1
17077,9
17078,9
17079,6
17080,1
17081,6
17082,9
17083,0
17084,3
17085,1
17086,9
17087,8
17088,10
17089,9
17090,0
17091,10
17092,10
17093,10
17094,6
17095,10
17096,0
17097,10
17098,10
17099,9
17100,10
17101,8
17102,9
17103,10
17104,0
17105,3
17106,10
17107,0
17108,10
17109,9
17110,6
17111,10
17112,10
17113,10
17114,10
17115,6
17116,0
17117,8
17118,9
17119,9
17120,8
17121,10
17122,4
17123,6
17124,10
17125,3
17126,0
17127,9
17128,0
17129,10
17130,5
17131,6
17132,7
17133,5
17134,10
17135,5
17136,5
17137,5
17138,10
17139,5
17140,10
17141,10
17142,10
17143,9
17144,1
17145,4
17146,1
17147,10
17148,10
17149,10
17150,1
17151,6
17152,6
17153,10
17154,4
17155,7
17156,8
17157,6
17158,9
17159,10
17160,7
17161,1
17162,9
17163,6
17164,7
17165,2
17166,10
17167,1
17168,0
17169,6
17170,1
17171,9
17172,10
17173,6
17174,10
17175,1
17176,10
17177,10
17178,10
17179,5
17180,10
17181,10
17182,8
17183,10
17184,2
17185,9
17186,10
17187,9
17188,0
17189,10
17190,10
17191,10
17192,2
17193,5
17194,5
17195,6
17196,10
17197,10
17198,9
17199,10
17200,10
17201,6
17202,10
17203,9
17204,10
17205,8
17206,8
17207,10
17208,6
17209,8
17210,10
17211,9
17212,1
17213,9
17214,5
17215,10
17216,9
17217,10
17218,2
17219,4
17220,10
17221,9
17222,10
17223,10
17224,1
17225,10
17226,6
17227,10
17228,4
17229,9
17230,2
17231,10
17232,1
17233,10
17234,8
17235,9
17236,6
17237,9
17238,9
17239,10
17240,3
17241,10
17242,9
17243,5
17244,10
17245,10
17246,2
17247,6
17248,10
17249,10
17250,6
17251,9
17252,2
17253,10
17254,6
17255,10
17256,6
17257,10
17258,2
17259,9
17260,8
17261,2
17262,8
17263,8
17264,8
17265,10
17266,8
17267,8
17268,8
17269,6
17270,8
17271,10
17272,6
17273,6
17274,9
17275,10
17276,10
17277,0
17278,5
17279,2
17280,6
17281,10
17282,3
17283,7
17284,3
17285,5
17286,10
17287,10
17288,1
17289,10
17290,10
17291,10
17292,8
17293,5
17294,10
17295,10
17296,2
17297,8
17298,6
17299,5
17300,10
17301,0
17302,10
17303,4
17304,10
17305,10
17306,6
17307,3
17308,10
17309,10
17310,8
17311,6
17312,2
17313,10
17314,9
17315,5
17316,10
17317,8
17318,7
17319,9
17320,10
17321,2
17322,2
17323,6
17324,2
17325,3
17326,3
17327,6
17328,10
17329,9
17330,10
17331,8
17332,5
17333,10
17334,1
17335,2
17336,10
17337,0
17338,10
17339,10
17340,10
17341,9
17342,9
17343,10
17344,10
17345,10
17346,10
17347,10
17348,6
17349,10
17350,10
17351,10
17352,1
17353,6
17354,10
17355,5
17356,6
17357,1
17358,1
17359,9
17360,10
17361,10
17362,10
17363,10
17364,5
17365,10
17366,1
17367,8
17368,2
17369,6
17370,10
17371,5
17372,8
17373,10
17374,1
17375,10
17376,6
17377,10
17378,10
17379,10
17380,5
17381,5
17382,9
17383,9
17384,5
17385,6
17386,6
17387,6
17388,10
17389,10
17390,9
17391,8
17392,9
17393,2
17394,10
17395,10
17396,8
17397,10
17398,2
17399,5
17400,9
17401,8
17402,7
17403,2
17404,2
17405,1
17406,10
17407,10
17408,6
17409,4
17410,10
17411,5
17412,9
17413,9
17414,10
17415,3
17416,9
17417,0
17418,6
17419,9
17420,10
17421,1
17422,10
17423,10
17424,10
17425,6
17426,10
17427,6
17428,10
17429,6
17430,10
17431,7
17432,8
17433,8
17434,5
17435,6
17436,2
17437,9
17438,6
17439,0
17440,0
17441,9
17442,9
17443,10
17444,10
17445,10
17446,10
17447,6
17448,8
17449,10
17450,6
17451,10
17452,10
17453,4
17454,7
17455,0
17456,10
17457,7
17458,6
17459,10
17460,8
17461,1
17462,5
17463,2
17464,1
17465,10
17466,10
17467,10
17468,5
17469,10
17470,6
17471,10
17472,10
17473,5
17474,2
17475,5
17476,0
17477,2
17478,5
17479,5
17480,10
17481,1
17482,6
17483,8
17484,7
17485,4
17486,6
17487,10
17488,0
17489,10
17490,9
17491,3
17492,10
17493,10
17494,8
17495,10
17496,6
17497,0
17498,9
17499,1
17500,9
17501,1
17502,10
17503,5
17504,10
17505,9
17506,5
17507,10
17508,4
17509,5
17510,5
17511,6
17512,6
17513,10
17514,9
17515,10
17516,6
17517,6
17518,2
17519,10
17520,4
17521,3
17522,0
17523,5
17524,10
17525,5
17526,9
17527,6
17528,2
17529,10
17530,5
17531,10
17532,10
17533,9
17534,6
17535,1
17536,10
17537,6
17538,10
17539,10
17540,5
17541,2
17542,6
17543,2
17544,10
17545,10
17546,6
17547,8
17548,4
17549,10
17550,9
17551,10
17552,0
17553,10
17554,2
17555,8
17556,6
17557,10
17558,10
17559,10
17560,2
17561,10
17562,5
17563,9
17564,4
17565,10
17566,10
17567,10
17568,0
17569,6
17570,1
17571,10
17572,8
17573,6
17574,6
17575,10
17576,9
17577,8
17578,7
17579,10
17580,10
17581,0
17582,8
17583,6
17584,6
17585,1
17586,10
17587,10
17588,10
17589,0
17590,10
17591,9
17592,1
17593,2
17594,6
17595,6
17596,8
17597,10
17598,10
17599,10
17600,7
17601,2
17602,6
17603,4
17604,8
17605,1
17606,1
17607,10
17608,8
17609,10
17610,1
17611,8
17612,6
17613,7
17614,6
17615,10
17616,9
17617,5
17618,2
17619,10
17620,8
17621,5
17622,10
17623,8
17624,0
17625,10
17626,10
17627,0
17628,5
17629,0
17630,1
17631,6
17632,1
17633,10
17634,6
17635,2
17636,2
17637,0
17638,10
17639,10
17640,10
17641,2
17642,6
17643,5
17644,9
17645,6
17646,10
17647,10
17648,6
17649,10
17650,6
17651,2
17652,10
17653,10
17654,9
17655,10
17656,8
17657,8
17658,5
17659,5
17660,6
17661,10
17662,5
17663,10
17664,6
17665,10
17666,10
17667,10
17668,6
17669,0
17670,10
17671,10
17672,0
17673,3
17674,8
17675,10
17676,10
17677,8
17678,6
17679,10
17680,10
17681,6
17682,8
17683,5
17684,10
17685,10
17686,10
17687,3
17688,6
17689,10
17690,0
17691,1
17692,10
17693,10
17694,4
17695,10
17696,2
17697,10
17698,10
17699,9
17700,5
17701,5
17702,8
17703,10
17704,10
17705,6
17706,5
17707,10
17708,6
17709,2
17710,8
17711,0
17712,6
17713,10
17714,7
17715,10
17716,9
17717,2
17718,8
17719,10
17720,6
17721,10
17722,9
17723,10
17724,9
17725,8
17726,8
17727,10
17728,7
17729,9
17730,8
17731,8
17732,10
17733,0
17734,1
17735,8
17736,8
17737,10
17738,10
17739,10
17740,10
17741,10
17742,0
17743,5
17744,8
17745,0
17746,6
17747,9
17748,10
17749,10
17750,2
17751,2
17752,6
17753,6
17754,10
17755,2
17756,2
17757,10
17758,5
17759,6
17760,6
17761,6
17762,10
17763,10
17764,8
17765,10
17766,10
17767,8
17768,10
17769,10
17770,6
17771,7
17772,6
17773,5
17774,2
17775,2
17776,6
17777,6
17778,9
17779,2
17780,10
17781,10
17782,10
17783,9
17784,8
17785,10
17786,5
17787,6
17788,10
17789,1
17790,8
17791,5
17792,7
17793,10
17794,10
17795,2
17796,6
17797,2
17798,5
17799,6
17800,8
17801,6
17802,2
17803,5
17804,10
17805,5
17806,1
17807,10
17808,9
17809,8
17810,10
17811,5
17812,5
17813,8
17814,1
17815,5
17816,0
17817,10
17818,6
17819,6
17820,10
17821,5
17822,9
17823,5
17824,8
17825,9
17826,10
17827,10
17828,10
17829,6
17830,10
17831,10
17832,10
17833,9
17834,7
17835,10
17836,6
17837,5
17838,8
17839,8
17840,10
17841,6
17842,10
17843,10
17844,6
17845,6
17846,9
17847,8
17848,10
17849,10
17850,10
17851,8
17852,10
17853,6
17854,8
17855,10
17856,2
17857,0
17858,10
17859,10
17860,9
17861,10
17862,5
17863,10
17864,10
17865,6
17866,10
17867,10
17868,8
17869,10
17870,1
17871,2
17872,6
17873,10
17874,4
17875,8
17876,7
17877,0
17878,8
17879,10
17880,10
17881,0
17882,10
17883,1
17884,5
17885,10
17886,5
17887,6
17888,3
17889,8
17890,10
17891,10
17892,10
17893,0
17894,10
17895,6
17896,5
17897,6
17898,9
17899,10
17900,10
17901,9
17902,6
17903,8
17904,6
17905,10
17906,7
17907,6
17908,4
17909,10
17910,10
17911,10
17912,6
17913,10
17914,9
17915,2
17916,8
17917,5
17918,9
17919,10
17920,10
17921,10
17922,6
17923,9
17924,10
17925,6
17926,1
17927,6
17928,9
17929,2
17930,5
17931,9
17932,10
17933,10
17934,8
17935,5
17936,10
17937,9
17938,10
17939,10
17940,10
17941,10
17942,10
17943,3
17944,10
17945,8
17946,10
17947,0
17948,8
17949,1
17950,10
17951,6
17952,10
17953,9
17954,1
17955,10
17956,2
17957,4
17958,10
17959,9
17960,7
17961,8
17962,10
17963,5
17964,0
17965,1
17966,2
17967,2
17968,10
17969,10
17970,10
17971,10
17972,1
17973,10
17974,5
17975,5
17976,10
17977,6
17978,10
17979,2
17980,2
17981,8
17982,6
17983,10
17984,1
17985,3
17986,10
17987,2
17988,6
17989,1
17990,9
17991,10
17992,8
17993,9
17994,6
17995,10
17996,10
